bench,A,B,n,A_em,B_em,a_only,b_only,both,neither,diff_pp,mcnemar_p,boot_lo_pp,boot_hi_pp
Spider,B0,B1_v3,1034,0.7253,0.7089,20,3,730,281,-1.64,0.00049,-2.61,-0.77
Spider,B0,B3_v4,1034,0.7253,0.7089,23,6,727,278,-1.64,0.00232,-2.71,-0.68
Spider,B1_v3,B3_v4,1034,0.7089,0.7089,5,5,728,296,0.0,1.0,-0.58,0.58
BIRD,B0,B1_v3,500,0.204,0.196,14,10,88,388,-0.8,0.54126,-2.8,1.0
BIRD,B0,B3_v4,500,0.204,0.29,19,62,83,336,8.6,0.0,5.0,12.0
BIRD,B0,B2_v4,500,0.204,0.196,14,10,88,388,-0.8,0.54126,-2.8,1.0
BIRD,B3_v4,B2_v4,500,0.29,0.196,62,15,83,340,-9.4,0.0,-12.8,-6.0
BIRD,B1_v3,B3_v4,500,0.196,0.29,15,62,83,340,9.4,0.0,6.2,12.8
