baseline,model,EX,delta_vs_B0_7B,delta_vs_B1_7B
B0,Qwen2.5-Coder-7B,0.9333333333333333,+0.0000,+0.1667
B1,Qwen2.5-Coder-7B,0.7666666666666667,-0.1667,+0.0000
B2_v1,Qwen2.5-Coder-7B,0.6333333333333333,-0.3000,-0.1333
B3_v1,Qwen2.5-Coder-7B,0.4666666666666667,-0.4667,-0.3000
B3_v2,Qwen2.5-Coder-7B,0.7333333333333333,-0.2000,-0.0333
B4_final,Qwen2.5-Coder-7B,0.4666666666666667,-0.4667,-0.3000
B4_v2,Qwen2.5-Coder-7B,0.7333333333333333,-0.2000,-0.0333
B0,Qwen2.5-Coder-14B,—,—,—
B1,Qwen2.5-Coder-14B,—,—,—
