baseline,EX,executable_count,plan_valid_count,avg_reduction_ratio,n,notes
B0,0.9333333333333333,30,,,30,
B1,0.7666666666666667,29,,0.5527777777777777,30,
B2_v1,0.6333333333333333,26,28,0.5527777777777777,30,plan_parse_fail=0
B3_v1,0.4666666666666667,18,18,0.5527777777777777,30,plan_parse_fail=0
B4_final,0.4666666666666667,18,18,0.5527777777777777,30,plan_parse_fail=0 repaired=0
