bench,A,B,n,A_em,B_em,a_only,b_only,both,neither,diff_pp,mcnemar_p,boot_lo_pp,boot_hi_pp,helpful,harmful,neutral
Spider,B0,B1_v5,1034,0.7253,0.7485,40,64,710,220,2.32,0.02365,0.39,4.35,64,40,930
Spider,B0,B2_v5,1034,0.7253,0.7476,38,61,712,223,2.22,0.02653,0.29,4.16,61,38,935
Spider,B1_v5,B2_v5,1034,0.7485,0.7476,14,13,760,247,-0.1,1.0,-1.06,0.87,13,14,1007
BIRD,B0,B1_v5,500,0.204,0.23,19,32,83,366,2.6,0.09191,-0.2,5.4,32,19,449
BIRD,B0,B2_v5,500,0.204,0.376,19,105,83,293,17.2,0.0,13.0,21.2,105,19,376
BIRD,B1_v5,B2_v5,500,0.23,0.376,20,93,95,292,14.6,0.0,10.8,18.8,93,20,387
