bench,A,B,n,A_em,B_em,a_only,b_only,both,neither,diff_pp,mcnemar_p,boot_lo_pp,boot_hi_pp,helpful,harmful,neutral
Spider,B0,S1_v7,1034,0.7253,0.7631,38,77,712,207,3.77,0.00035,1.74,5.8,77,38,919
Spider,B2_v5,S1_v7,1034,0.7476,0.7631,28,44,745,217,1.55,0.07637,-0.1,3.19,44,28,962
Spider,B4_v5,S1_v7,1034,0.7669,0.7631,29,25,764,216,-0.39,0.68349,-1.84,0.97,25,29,980
Spider,B6_v7,S1_v7,1034,0.7679,0.7631,28,23,766,217,-0.48,0.57585,-1.84,0.87,23,28,983
