bench,A,B,n,A_em,B_em,a_only,b_only,both,neither,diff_pp,mcnemar_p,boot_lo_pp,boot_hi_pp,helpful,harmful,neutral
Spider,B0,B3_v5,1034,0.7253,0.5696,204,43,546,241,-15.57,0.0,-18.38,-12.77,43,204,787
Spider,B1_v5,B3_v5,1034,0.7485,0.5696,214,29,560,231,-17.89,0.0,-20.79,-15.09,29,214,791
Spider,B2_v5,B3_v5,1034,0.7476,0.5696,214,30,559,231,-17.79,0.0,-20.5,-14.89,30,214,790
BIRD,B0,B3_v5,500,0.204,0.238,33,50,69,348,3.4,0.07842,0.0,7.2,50,33,417
BIRD,B1_v5,B3_v5,500,0.23,0.238,37,41,78,344,0.8,0.73434,-2.6,4.2,41,37,422
BIRD,B2_v5,B3_v5,500,0.376,0.238,98,29,90,283,-13.8,0.0,-18.2,-9.4,29,98,373
