bench,A,B,n,A_em,B_em,a_only,b_only,both,neither,diff_pp,mcnemar_p,boot_lo_pp,boot_hi_pp,helpful,harmful,neutral
Spider,B0,B4_v5,1034,0.7253,0.7669,34,77,716,207,4.16,5e-05,2.22,6.19,77,34,923
Spider,B2_v5,B4_v5,1034,0.7476,0.7669,8,28,765,233,1.93,0.00119,0.77,3.09,28,8,998
Spider,B3_v5,B4_v5,1034,0.5696,0.7669,18,222,571,223,19.73,0.0,17.02,22.34,222,18,794
BIRD,B0,B4_v5,500,0.204,0.34,6,74,96,324,13.6,0.0,10.2,17.0,74,6,420
BIRD,B2_v5,B4_v5,500,0.376,0.34,51,33,137,279,-3.6,0.06297,-7.2,-0.2,33,51,416
BIRD,B3_v5,B4_v5,500,0.238,0.34,20,71,99,310,10.2,0.0,6.4,13.6,71,20,409
