Подход,Validity,Chart type,Field F1,Encoding,Aggregation,Exact match,Oracle@3
B0,1.0,0.84,0.9595,0.5,0.915,0.225,0.55
B1,1.0,0.955,0.995,0.5308333333333334,0.915,0.285,0.59
B2,1.0,0.62,0.8703333333333333,0.11,0.11,0.11,0.11
B3,0.86,0.5,0.7533333333333333,0.59,0.84,0.36,0.4186046511627907
B4,0.95,0.5,0.8,0.5,0.85,0.5,0.5
