Подход,Validity,Chart type,Field F1,Encoding,Aggregation,Exact match,Oracle@3
B0,1.0,0.54,0.857,0.2525,0.26,0.085,0.0
B1,1.0,0.51,0.847,0.2275,0.23,0.06,0.0
B2,1.0,0.62,0.8703333333333333,0.11,0.11,0.11,0.0
B3,0.86,0.5,0.7533333333333333,0.59,0.84,0.36,0.0
B4,0.95,0.5,0.8,0.5,0.85,0.5,0.5
